<?xml version="1.0" encoding="utf-8"?>
<root><success>1</success><result><item_0><weaid>1</weaid><days>2017-10-12</days><week>星期四</week><cityno>beijing</cityno><citynm>北京</citynm><cityid>101010100</cityid><temperature>13℃/6℃</temperature><humidity>0%/0%</humidity><weather>小雨转多云</weather><weather_icon>http://api.k780.com/upload/weather/d/7.gif</weather_icon><weather_icon1>http://api.k780.com/upload/weather/n/1.gif</weather_icon1><wind>北风转西北风</wind><winp>微风</winp><temp_high>13</temp_high><temp_low>6</temp_low><humi_high>0</humi_high><humi_low>0</humi_low><weatid>8</weatid><weatid1>2</weatid1><windid>64</windid><winpid>125</winpid></item_0><item_1><weaid>1</weaid><days>2017-10-13</days><week>星期五</week><cityno>beijing</cityno><citynm>北京</citynm><cityid>101010100</cityid><temperature>18℃/8℃</temperature><humidity>0%/0%</humidity><weather>晴转多云</weather><weather_icon>http://api.k780.com/upload/weather/d/0.gif</weather_icon><weather_icon1>http://api.k780.com/upload/weather/n/1.gif</weather_icon1><wind>西南风转东北风</wind><winp>微风</winp><temp_high>18</temp_high><temp_low>8</temp_low><humi_high>0</humi_high><humi_low>0</humi_low><weatid>1</weatid><weatid1>2</weatid1><windid>79</windid><winpid>125</winpid></item_1><item_2><weaid>1</weaid><days>2017-10-14</days><week>星期六</week><cityno>beijing</cityno><citynm>北京</citynm><cityid>101010100</cityid><temperature>14℃/9℃</temperature><humidity>0%/0%</humidity><weather>阴转小雨</weather><weather_icon>http://api.k780.com/upload/weather/d/2.gif</weather_icon><weather_icon1>http://api.k780.com/upload/weather/n/7.gif</weather_icon1><wind>北风</wind><winp>微风</winp><temp_high>14</temp_high><temp_low>9</temp_low><humi_high>0</humi_high><humi_low>0</humi_low><weatid>3</weatid><weatid1>8</weatid1><windid>20</windid><winpid>125</winpid></item_2><item_3><weaid>1</weaid><days>2017-10-15</days><week>星期日</week><cityno>beijing</cityno><citynm>北京</citynm><cityid>101010100</cityid><temperature>15℃/7℃</temperature><humidity>0%/0%</humidity><weather>阴转多云</weather><weather_icon>http://api.k780.com/upload/weather/d/2.gif</weather_icon><weather_icon1>http://api.k780.com/upload/weather/n/1.gif</weather_icon1><wind>东北风转北风</wind><winp>微风</winp><temp_high>15</temp_high><temp_low>7</temp_low><humi_high>0</humi_high><humi_low>0</humi_low><weatid>3</weatid><weatid1>2</weatid1><windid>25</windid><winpid>125</winpid></item_3><item_4><weaid>1</weaid><days>2017-10-16</days><week>星期一</week><cityno>beijing</cityno><citynm>北京</citynm><cityid>101010100</cityid><temperature>16℃/6℃</temperature><humidity>0%/0%</humidity><weather>晴</weather><weather_icon>http://api.k780.com/upload/weather/d/0.gif</weather_icon><weather_icon1>http://api.k780.com/upload/weather/n/0.gif</weather_icon1><wind>西南风转西北风</wind><winp>微风</winp><temp_high>16</temp_high><temp_low>6</temp_low><humi_high>0</humi_high><humi_low>0</humi_low><weatid>1</weatid><weatid1>1</weatid1><windid>56</windid><winpid>125</winpid></item_4><item_5><weaid>1</weaid><days>2017-10-17</days><week>星期二</week><cityno>beijing</cityno><citynm>北京</citynm><cityid>101010100</cityid><temperature>15℃/9℃</temperature><humidity>0%/0%</humidity><weather>多云</weather><weather_icon>http://api.k780.com/upload/weather/d/1.gif</weather_icon><weather_icon1>http://api.k780.com/upload/weather/n/1.gif</weather_icon1><wind>西南风</wind><winp>微风</winp><temp_high>15</temp_high><temp_low>9</temp_low><humi_high>0</humi_high><humi_low>0</humi_low><weatid>2</weatid><weatid1>2</weatid1><windid>16</windid><winpid>125</winpid></item_5><item_6><weaid>1</weaid><days>2017-10-18</days><week>星期三</week><cityno>beijing</cityno><citynm>北京</citynm><cityid>101010100</cityid><temperature>14℃/8℃</temperature><humidity>0%/0%</humidity><weather>阴</weather><weather_icon>http://api.k780.com/upload/weather/d/2.gif</weather_icon><weather_icon1>http://api.k780.com/upload/weather/n/2.gif</weather_icon1><wind>西南风</wind><winp>微风</winp><temp_high>14</temp_high><temp_low>8</temp_low><humi_high>0</humi_high><humi_low>0</humi_low><weatid>3</weatid><weatid1>3</weatid1><windid>16</windid><winpid>125</winpid></item_6></result></root>
