<?xml version="1.0" encoding="UTF-8"?>
<root><lou1><i_0><n_id>219</n_id><n_name>美漫之二次元逞凶</n_name><desc>&#13;
          当二次元的能力来到漫威世界会是什么样的结果，两种力量的对撞。奥创挺厉害的是不是，来尝尝和平主义者的厉害。洛基的魔法挺厉害，那就尝尝鬼道的滋味。蜥蜴博士很威猛，也许你更应该尝试一下动物系恶魔果实。…………来让二次元的能力在一个三次元的世界尽情的绽放吧。......
&#13;
    </desc><author>顿顿蛋炒饭</author><new_chapter>第六百四十章 倒霉的世界</new_chapter><cat_id>7</cat_id><cover>201710141206301367598997.jpg</cover><add_time>1507604903</add_time><up_time></up_time><is_end>1</is_end><click_num>457</click_num><url>/xiaoshuo/90/90959/</url></i_0><i_1><n_id>218</n_id><n_name>全能文艺兵</n_name><desc>&#13;
          “什么精锐？老子打的就是精锐！” “不抛弃，不放弃！” 李云龙，许三多，《咱当兵的人》、《《湄公河行动》、《反恐精英》、《孙子兵法》...... 军旅歌曲 战争电影 战争游戏 战争理论 国防节目 地球上的经典，一个又一个的被他带到了这个世界！ 他的文艺兵人生，从此牛逼闪闪！&#13;
&#13;
    </desc><author>上允</author><new_chapter>第315章 我给大家讲一个故事</new_chapter><cat_id>7</cat_id><cover>201710141206301367598997.jpg</cover><add_time>1507604888</add_time><up_time></up_time><is_end>1</is_end><click_num>457</click_num><url>/xiaoshuo/94/94243/</url></i_1><i_2><n_id>216</n_id><n_name>终极特战兵王</n_name><desc>&#13;
          代号隐龙！他是华夏第一特种兵，战场之王！因为一份特殊调令回归都市，强龙入海，他本想低调的生活，却不料美女缠身，非常烦恼，无奈之下，他只好……全部收下！
&#13;
    </desc><author>唐伯虎的邻居</author><new_chapter>第二百八十四章 奇怪的病</new_chapter><cat_id>7</cat_id><cover>201710141206301367598997.jpg</cover><add_time>1507604886</add_time><up_time></up_time><is_end>1</is_end><click_num>457</click_num><url>/xiaoshuo/95/95159/</url></i_2><i_3><n_id>217</n_id><n_name>神仙出租屋</n_name><desc>&#13;
          我有一只猫，它能穿梭万界。我有一栋出租屋，它里面住的都是神仙非人类人外。抠门的巨灵神、喜欢cos的哮天犬，老流氓赵公明，齐天大圣孙悟空、二郎显圣真君以及各路神仙都是我的房客。为了成为人间界第一包租公，为了神仙承诺的漂亮女仙，我带着自家的猫，还有抠门的巨灵神在各个世界穿梭，带回一溜不靠谱的神仙。最后说一句：“巨灵神！下次自己充话费！”&#13;
&#13;
    </desc><author>右眼有泪</author><new_chapter>第三百一十一章 大师？大湿！</new_chapter><cat_id>7</cat_id><cover>201710141206301367598997.jpg</cover><add_time>1507604886</add_time><up_time></up_time><is_end>1</is_end><click_num>457</click_num><url>/xiaoshuo/92/92568/</url></i_3><i_4><n_id>213</n_id><n_name>末世大学霸</n_name><desc>&#13;
          斗兽笼被炸毁。叶文摇摇晃晃地逃出来，以断裂的钢筋为武器，拼尽最后一丝力气朝主看台掷去。叛徒！死吧！烟尘中，那里传来一声模糊的惨叫。叶文微微一笑，然后浑身瘫软，缓缓倒在地上。&#13;
&#13;
    </desc><author></author><new_chapter>第一百八十章 对战胃袋丧尸</new_chapter><cat_id>7</cat_id><cover>201710141206301367598997.jpg</cover><add_time>1507604885</add_time><up_time></up_time><is_end>1</is_end><click_num>457</click_num><url>/xiaoshuo/95/95091/</url></i_4><i_5><n_id>214</n_id><n_name>卡牌幻世纪</n_name><desc></desc><author>渺云歌</author><new_chapter>第二百零三章、天降白龙</new_chapter><cat_id>7</cat_id><cover>201710141206301367598997.jpg</cover><add_time>1507604885</add_time><up_time></up_time><is_end>1</is_end><click_num>457</click_num><url>/xiaoshuo/94/94314/</url></i_5></lou1></root>
